energy_eV,Re_eps,Im_eps
0.0,6.547631740570068,-13.448701858520508
0.2,9.490474700927734,-41.476646423339844
0.4,10.636819839477539,-63.16306686401367
0.6000000000000001,14.504508018493652,-36.48904037475586
0.8,16.201642990112305,-18.734725952148438
1.0,18.15404510498047,-32.22899627685547
1.2000000000000002,16.459848403930664,-12.626899719238281
1.4000000000000001,15.579285621643066,-25.904233932495117
1.6,17.42767333984375,-18.919822692871094
1.8,17.278987884521484,-16.111948013305664
2.0,18.457683563232422,-14.628329277038574
2.2,18.363178253173828,-6.787957668304443
2.4000000000000004,18.366195678710938,-9.560245513916016
2.6,16.64373779296875,-0.5282862186431885
2.8000000000000003,16.314088821411133,3.5115549564361572
3.0,13.979277610778809,9.122613906860352
3.2,11.089695930480957,17.17931365966797
3.4000000000000004,11.92166805267334,20.59577751159668
3.6,10.572136878967285,15.619305610656738
3.8000000000000003,10.748052597045898,16.643369674682617
4.0,6.364503383636475,15.949991226196289
4.2,4.901965141296387,4.813491344451904
4.4,6.1250104904174805,7.350076675415039
4.6000000000000005,5.0108819007873535,11.72928237915039
4.800000000000001,5.744052886962891,8.223756790161133
5.0,5.650918483734131,1.5362963676452637
5.2,3.828829765319824,-0.7559946179389954
5.4,0.01786649227142334,-1.9178749322891235
5.6000000000000005,-1.666429042816162,0.04284366965293884
5.800000000000001,-2.660172939300537,3.472688674926758
6.0,-3.277028799057007,9.794306755065918
6.2,-2.8580877780914307,6.598003387451172
6.4,-0.6128590106964111,9.98486042022705
6.6000000000000005,-0.5237444639205933,12.507132530212402
6.800000000000001,-1.669605016708374,11.601007461547852
7.0,-1.0890116691589355,15.949420928955078
7.2,-1.5810577869415283,16.325037002563477
7.4,-2.148336172103882,14.619717597961426
7.6000000000000005,-3.5133395195007324,13.690156936645508
7.800000000000001,-4.08106803894043,16.442466735839844
8.0,-4.847296714782715,16.086977005004883
8.200000000000001,-7.303869724273682,14.787373542785645
8.4,-5.858139991760254,11.125396728515625
8.6,-5.299735069274902,11.135163307189941
8.8,-5.734739303588867,9.034868240356445
9.0,-6.19612979888916,5.278002738952637
9.200000000000001,-4.952469825744629,2.4677278995513916
9.4,-5.319397926330566,3.267214775085449
9.600000000000001,-5.5687103271484375,3.9930577278137207
9.8,-4.876369476318359,2.6199004650115967
10.0,-3.397141695022583,2.1361896991729736
10.200000000000001,-1.4689767360687256,5.257118225097656
10.4,-1.4365174770355225,5.2454752922058105
10.600000000000001,-1.2312270402908325,7.920375823974609
10.8,-0.8718414306640625,7.798540115356445
11.0,-0.9286180138587952,4.763872146606445
11.200000000000001,-0.39472073316574097,1.235420823097229
11.4,-0.3478081226348877,-0.25344306230545044
11.600000000000001,0.1091146469116211,-1.2338629961013794
11.8,0.758122444152832,1.9409631490707397
12.0,0.21760180592536926,3.4692893028259277
12.200000000000001,0.15776246786117554,0.8102213144302368
12.4,-0.28750988841056824,1.9149702787399292
12.600000000000001,-0.5146201848983765,2.005326747894287
12.8,-0.13011717796325684,1.032995581626892
13.0,-0.3059036135673523,-0.2940903604030609
13.200000000000001,-0.4572659730911255,-0.36195147037506104
13.4,-0.4735868573188782,-0.08997046947479248
13.600000000000001,-0.8638732433319092,1.2717151641845703
13.8,-0.9632718563079834,-0.16376428306102753
14.0,-0.6997470855712891,-0.045615844428539276
14.200000000000001,-0.2973242402076721,0.8573801517486572
14.4,-0.22538182139396667,0.34771499037742615
14.600000000000001,0.2324504852294922,0.4173256754875183
14.8,0.22463634610176086,-0.36646026372909546
15.0,-0.10875986516475677,-1.290271520614624
15.200000000000001,-0.0016775727272033691,-0.5060265064239502
15.4,-0.26991361379623413,0.23655268549919128
15.600000000000001,-0.43715226650238037,-1.5124142169952393
15.8,-0.7198578119277954,-3.1865243911743164
16.0,-0.876266598701477,-2.1795434951782227
16.2,-1.368908405303955,-0.8510028123855591
16.400000000000002,-1.133866786956787,-0.540788471698761
16.6,-1.416854739189148,-0.9299957156181335
16.8,-1.1772794723510742,-0.9387731552124023
17.0,-0.9321432709693909,-1.0755877494812012
17.2,-1.1588544845581055,3.55757212638855
17.400000000000002,-1.3749892711639404,1.4757986068725586
17.6,-1.8694088459014893,3.904226064682007
17.8,-2.0430352687835693,3.33331561088562
18.0,-2.027599811553955,2.076045274734497
18.2,-1.8415659666061401,2.925553798675537
18.400000000000002,-1.8120782375335693,2.362959384918213
18.6,-0.9572486877441406,1.279761791229248
18.8,0.3204670548439026,-0.015697022899985313
19.0,1.4750895500183105,-0.5658953189849854
19.200000000000003,1.7788732051849365,-1.6110895872116089
19.400000000000002,2.0839757919311523,-3.496070146560669
19.6,1.7401443719863892,-2.695422649383545
19.8,1.2888866662979126,-2.7438571453094482
20.0,0.7794299721717834,-5.228208541870117
20.200000000000003,0.9867597818374634,-3.5171546936035156
20.400000000000002,1.0217081308364868,-2.3360462188720703
20.6,0.8831020593643188,-0.8332289457321167
20.8,0.9784146547317505,-0.9977363348007202
21.0,0.5408089756965637,-0.09229482710361481
21.200000000000003,0.1872909814119339,0.5406651496887207
21.400000000000002,0.8803678154945374,1.717454195022583
21.6,1.3850529193878174,3.5910701751708984
21.8,0.5783463716506958,3.7418642044067383
22.0,-1.1937499046325684,4.786096096038818
22.200000000000003,-1.316219687461853,2.425205707550049
22.400000000000002,-1.6737923622131348,-0.06310343742370605
22.6,-0.588720977306366,-0.12165111303329468
22.8,0.080125592648983,-1.4014273881912231
23.0,0.6413366794586182,-1.5439344644546509
23.200000000000003,1.1726495027542114,-2.1740188598632812
23.400000000000002,1.1860451698303223,-2.8714957237243652
23.6,0.7416573762893677,-3.390066146850586
23.8,0.8924623727798462,-3.771897792816162
24.0,0.7859575152397156,-1.844398021697998
24.200000000000003,0.9079760313034058,-2.247049570083618
24.400000000000002,1.0327966213226318,-2.4133520126342773
24.6,1.2631863355636597,0.6062577962875366
24.8,0.8925181031227112,-0.2776256501674652
25.0,0.7063107490539551,-2.048156499862671
25.200000000000003,0.9392572045326233,-4.073026657104492
25.400000000000002,0.9295526742935181,-3.575000524520874
25.6,1.2701795101165771,-3.9959418773651123
25.8,1.6408848762512207,-2.7487802505493164
26.0,1.8233997821807861,-4.4235029220581055
26.200000000000003,2.3016772270202637,-4.581669330596924
26.400000000000002,0.6124744415283203,-8.200096130371094
26.6,0.67561936378479,-4.161893367767334
26.8,1.0363104343414307,-1.758373737335205
27.0,1.211766004562378,-3.2942306995391846
27.200000000000003,1.3627721071243286,-3.7117624282836914
27.400000000000002,1.6460055112838745,-4.15505838394165
27.6,1.8763446807861328,-3.8285861015319824
27.8,1.7257001399993896,-4.112136363983154
28.0,1.3067959547042847,-2.05026912689209
28.200000000000003,0.9305623173713684,-0.8202351331710815
28.400000000000002,0.9541237950325012,-0.81085205078125
28.6,0.9707415103912354,-3.208834648132324
28.8,0.7890585064888,-0.1238473504781723
29.0,0.8926078677177429,-2.263059377670288
29.200000000000003,0.8461114764213562,-1.9794692993164062
29.400000000000002,0.994134247303009,-2.617866039276123
29.6,1.2966759204864502,-2.938823699951172
29.8,0.8277554512023926,-3.588402271270752
30.0,0.9752482175827026,-2.136119842529297
30.200000000000003,1.0493006706237793,-0.9760096669197083
30.400000000000002,1.112234115600586,-0.965853214263916
30.6,1.2705798149108887,-1.252825379371643
30.8,1.254341721534729,-1.0156729221343994
31.0,1.071567416191101,-1.5209490060806274
31.200000000000003,1.1979596614837646,0.28276070952415466
31.400000000000002,1.3909310102462769,-0.4197959899902344
31.6,1.4449362754821777,-6.9060540199279785
31.8,1.4236512184143066,-1.2187849283218384
32.0,1.598026990890503,-1.7775275707244873
32.2,1.6921508312225342,-7.780155181884766
32.4,1.5488286018371582,-11.868295669555664
32.6,1.7878450155258179,-1.5964765548706055
32.800000000000004,2.0143609046936035,1.517533540725708
33.0,2.369931697845459,-10.938749313354492
33.2,2.3761978149414062,-15.20169734954834
33.4,2.672839403152466,-16.103666305541992
33.6,2.5216903686523438,-10.77099895477295
33.800000000000004,2.242506980895996,-15.362597465515137
34.0,2.1060879230499268,-13.71368408203125
34.2,2.2894020080566406,-12.937983512878418
34.4,1.8412970304489136,-12.133567810058594
34.6,1.8830068111419678,-12.329349517822266
34.800000000000004,1.6802598237991333,-12.829512596130371
35.0,1.4849578142166138,-9.257027626037598
35.2,1.0118149518966675,-12.44123363494873
35.4,0.6585229635238647,-8.84622859954834
35.6,0.5073271989822388,-0.9278905987739563
35.800000000000004,0.0933620035648346,-10.267656326293945
36.0,-0.04483736306428909,-8.426826477050781
36.2,-0.2919517755508423,-7.6137542724609375
36.4,-0.4566212296485901,-10.70866584777832
36.6,0.549560546875,-13.66364574432373
36.800000000000004,0.4905293881893158,-25.9241943359375
37.0,0.18285511434078217,-8.592239379882812
37.2,0.3498675227165222,-7.647435665130615
37.4,0.4422747492790222,-8.919734001159668
37.6,0.23461371660232544,-7.451075553894043
37.800000000000004,0.1764523684978485,-20.62494659423828
38.0,0.07163998484611511,-10.236143112182617
38.2,0.19498124718666077,-14.427437782287598
38.400000000000006,0.0786033347249031,-15.398763656616211
38.6,0.12230201065540314,-14.89874267578125
38.800000000000004,0.17032015323638916,-15.334158897399902
39.0,0.14215019345283508,-19.332473754882812
39.2,0.004313117824494839,-16.898733139038086
39.400000000000006,0.49077245593070984,-13.527108192443848
39.6,0.3973279595375061,-25.952617645263672
39.800000000000004,0.4453246593475342,-12.814149856567383
40.0,0.6998133659362793,-9.50876235961914
40.2,0.5190305709838867,-7.572936058044434
40.400000000000006,0.6923127174377441,-17.349843978881836
40.6,0.37840011715888977,-9.253662109375
40.800000000000004,0.3129054605960846,-9.98747444152832
41.0,0.479134738445282,-12.94674015045166
41.2,0.6115393042564392,-26.01703643798828
41.400000000000006,0.5413535833358765,-17.526525497436523
41.6,0.6416886448860168,-25.748271942138672
41.800000000000004,0.7160176038742065,-30.150110244750977
42.0,0.656040608882904,-40.156768798828125
42.2,0.7875964641571045,-34.041656494140625
42.400000000000006,0.6278824806213379,-17.982681274414062
42.6,0.6281687021255493,-11.449758529663086
42.800000000000004,0.7479239702224731,-25.2691650390625
43.0,0.7776174545288086,-17.421287536621094
43.2,0.5960527062416077,-12.458305358886719
43.400000000000006,0.4619893729686737,-23.641395568847656
43.6,0.4605805277824402,-27.29281234741211
43.800000000000004,0.40127044916152954,-11.067276000976562
44.0,0.451375275850296,-12.724796295166016
44.2,0.9469693303108215,-24.34243392944336
44.400000000000006,0.5116069316864014,-11.358261108398438
44.6,0.8022099733352661,-22.867843627929688
44.800000000000004,0.9421519041061401,-25.122764587402344
45.0,1.2321058511734009,-27.88919448852539
45.2,0.7357292771339417,-14.957708358764648
45.400000000000006,0.7305038571357727,-22.377689361572266
45.6,0.4983946979045868,-24.2115478515625
45.800000000000004,0.6759386658668518,-19.790977478027344
46.0,0.3948366343975067,-16.11973762512207
46.2,0.5463749766349792,-12.866340637207031
46.400000000000006,0.8418065309524536,-44.22571563720703
46.6,0.876508355140686,-18.10883331298828
46.800000000000004,0.5325610041618347,-20.41901397705078
47.0,0.4611073136329651,-14.505005836486816
47.2,0.520190417766571,-39.666404724121094
47.400000000000006,0.8411446809768677,-13.383835792541504
47.6,0.6087395548820496,-22.154760360717773
47.800000000000004,0.4051821827888489,-18.807565689086914
48.0,0.3380715548992157,-16.121875762939453
48.2,0.477510541677475,-29.009639739990234
48.400000000000006,0.555188775062561,-18.78350067138672
48.6,0.6557314991950989,-20.858280181884766
48.800000000000004,0.5024281144142151,-19.267467498779297
49.0,0.6246383190155029,-12.407594680786133
49.2,0.649267315864563,-27.040098190307617
49.400000000000006,0.42778873443603516,-15.555038452148438
49.6,0.5581928491592407,-24.007909774780273
49.800000000000004,0.3219067454338074,-12.268723487854004
50.0,0.39906054735183716,-15.606468200683594
